<?xml version="1.0" encoding="UTF-8"?>
<beans xmlns="http://www.springframework.org/schema/beans"
	xmlns:xsi="http://www.w3.org/2001/XMLSchema-instance"
	xmlns:p="http://www.springframework.org/schema/p"
	xmlns:c="http://www.springframework.org/schema/c"
	xmlns:aop="http://www.springframework.org/schema/aop"
	xmlns:context="http://www.springframework.org/schema/context"
	xmlns:jee="http://www.springframework.org/schema/jee"
	xmlns:tx="http://www.springframework.org/schema/tx"
	xmlns:task="http://www.springframework.org/schema/task"
	xsi:schemaLocation="http://www.springframework.org/schema/aop http://www.springframework.org/schema/aop/spring-aop-3.2.xsd http://www.springframework.org/schema/beans http://www.springframework.org/schema/beans/spring-beans-3.2.xsd http://www.springframework.org/schema/context http://www.springframework.org/schema/context/spring-context-3.2.xsd http://www.springframework.org/schema/jee http://www.springframework.org/schema/jee/spring-jee-3.2.xsd http://www.springframework.org/schema/tx http://www.springframework.org/schema/tx/spring-tx-3.2.xsd http://www.springframework.org/schema/task http://www.springframework.org/schema/task/spring-task-3.2.xsd">
	<bean id="univa" class="com.paypal.training.sp.cls.University">
		<property name="uname" value="University Of Pisa"></property>
		<property name="departments">
			<array>
				<value>Botany</value>
				<value>Zoology</value>
				<value>Genetics</value>
				<value>Medicine</value>
				<value>Physics</value>
				<value>Mathematics</value>
			</array>
		</property>
	</bean>

	<bean id="subject" class="com.paypal.training.sp.cls.Subjects">
		<property name="department" value="Physics"></property>
		<property name="subjects">
			<list>
				<value>Nuclear Physics</value>
				<value>Quantum Mechanics</value>
				<value>Super Conductors</value>
				<value>Computational Geophysics</value>
				<value>Electronics</value>
			</list>
		</property>
	</bean>

	<bean id="aggreg"
		class="com.paypal.training.sp.cls.MarksAggregator">
		<property name="sname" value="Sandeep"></property>
		<property name="smarks">
			<set>
				<value>100</value>
				<value>100</value>
				<value>100</value>
				<value>100</value>
				<value>100</value>
				<value>100</value>
				<value>200</value>
				<value>300</value>
				<value>400</value>
				<value>500</value>
				<value>700</value>
				<value>600</value>
			</set>
		</property>
	</bean>

	<bean id="libuniv" class="com.paypal.training.sp.cls.LibraryUniv">
		<property name="uname" value="University Of Michigan"></property>
		<property name="secSubMap">
			<map>
				<entry key="1" value="Botany"></entry>
				<entry key="2" value="Civil Engineering"></entry>
				<entry key="3" value="Geo Chemistry"></entry>
				<entry key="4" value="Physics"></entry>
				<entry key="5" value="Zoology"></entry>
				<entry key="6" value="Biology"></entry>
			</map>
		</property>
	</bean>



</beans>