<?xml version="1.0" encoding="UTF-8"?>
<beans xmlns="http://www.springframework.org/schema/beans"
	xmlns:xsi="http://www.w3.org/2001/XMLSchema-instance"
	xmlns:p="http://www.springframework.org/schema/p"
	xmlns:c="http://www.springframework.org/schema/c"
	xmlns:aop="http://www.springframework.org/schema/aop"
	xmlns:context="http://www.springframework.org/schema/context"
	xmlns:jee="http://www.springframework.org/schema/jee"
	xmlns:tx="http://www.springframework.org/schema/tx"
	xmlns:task="http://www.springframework.org/schema/task"
	xsi:schemaLocation="http://www.springframework.org/schema/aop http://www.springframework.org/schema/aop/spring-aop-3.2.xsd http://www.springframework.org/schema/beans http://www.springframework.org/schema/beans/spring-beans-3.2.xsd http://www.springframework.org/schema/context http://www.springframework.org/schema/context/spring-context-3.2.xsd http://www.springframework.org/schema/jee http://www.springframework.org/schema/jee/spring-jee-3.2.xsd http://www.springframework.org/schema/tx http://www.springframework.org/schema/tx/spring-tx-3.2.xsd http://www.springframework.org/schema/task http://www.springframework.org/schema/task/spring-task-3.2.xsd">
	<bean id="clsa" class="com.paypal.spr.cls.TesterCls"></bean>
	<bean id="clsb" class="com.paypal.spr.cls.TesterCls"></bean>

	<bean id="bActA" class="com.paypal.spr.cls.BankAccount">
		<property name="bid" value="21"></property>
		<property name="bname" value="Bank Of Bahrain And Kuwait"></property>
		<property name="aname" value="Peter Walker"></property>
	</bean>
	<bean id="bActB" class="com.paypal.spr.cls.BankAccount">
		<property name="bid" value="22"></property>
		<property name="bname" value="State Bank Of Travancore"></property>
		<property name="aname" value="Suresh Pillai"></property>
	</bean>
	<bean id="suresh" class="com.paypal.spr.cls.Persons">
		<constructor-arg name="i" value="102"></constructor-arg>
		<constructor-arg name="j" value="Suresh Gaekwad"></constructor-arg>
		<constructor-arg name="g" value="sur@yahoo.com"></constructor-arg>
	</bean>
	<bean id="sarvesh" class="com.paypal.spr.cls.Persons">
		<constructor-arg name="i" value="104"></constructor-arg>
		<constructor-arg name="j" value="Sarvesh prabhu"></constructor-arg>
		<constructor-arg name="g" value="sar@yahoo.com"></constructor-arg>
	</bean>
	<bean id="autm" class="com.paypal.spr.cls.Automobile">
		<property name="aid" value="1009"></property>
		<property name="aname" value="Volvo Truck Automatic"></property>
		<property name="abrand" value="BMW"></property>
	</bean>
	<bean id="trucka" class="com.paypal.spr.cls.Truck" parent="autm">
		<property name="tmake" value="Light Vehicle For small loads"></property>
	</bean>
	<bean id="truckb" class="com.paypal.spr.cls.Truck" parent="autm">
		<property name="tmake" value="Medium Vehicle For medium loads Trolley"></property>
	</bean>









</beans>