<?xml version="1.0" encoding="UTF-8"?>
<beans xmlns="http://www.springframework.org/schema/beans"
	xmlns:xsi="http://www.w3.org/2001/XMLSchema-instance"
	xmlns:p="http://www.springframework.org/schema/p"
	xmlns:c="http://www.springframework.org/schema/c"
	xmlns:aop="http://www.springframework.org/schema/aop"
	xmlns:context="http://www.springframework.org/schema/context"
	xmlns:jee="http://www.springframework.org/schema/jee"
	xmlns:tx="http://www.springframework.org/schema/tx"
	xmlns:task="http://www.springframework.org/schema/task"
	xsi:schemaLocation="http://www.springframework.org/schema/aop http://www.springframework.org/schema/aop/spring-aop-3.2.xsd http://www.springframework.org/schema/beans http://www.springframework.org/schema/beans/spring-beans-3.2.xsd http://www.springframework.org/schema/context http://www.springframework.org/schema/context/spring-context-3.2.xsd http://www.springframework.org/schema/jee http://www.springframework.org/schema/jee/spring-jee-3.2.xsd http://www.springframework.org/schema/tx http://www.springframework.org/schema/tx/spring-tx-3.2.xsd http://www.springframework.org/schema/task http://www.springframework.org/schema/task/spring-task-3.2.xsd">

	<bean id="eng" class="com.paypal.training.spr.cls.Engine"
		abstract="true">
		<property name="rpms" value="1002"></property>
		<property name="ename" value="Mevicenni"></property>
		<property name="ebrand" value="Toricelli"></property>
	</bean>
	<bean id="teng" class="com.paypal.training.spr.cls.TruckEngine"
		parent="eng">
		<property name="brand" value="Automo Italy"></property>
	</bean>

	<bean id="coll" class="com.paypal.training.spr.cls.College">
		<property name="cname" value="Keats College Of English"></property>
		<property name="caddress"
			value="West Chester, London Suburbs"></property>
	</bean>

	<bean id="stda" class="com.paypal.training.spr.cls.Student">
		<property name="sname" value="Sudhir Bandopadhyaya"></property>
		<property name="sbranch" value="Statistics"></property>
		<property name="coll" ref="coll">
		</property>
	</bean>

	<bean id="chaira" class="com.paypal.training.spr.cls.Chair">
		<property name="ctype" value="Recliner Chair"></property>
		<property name="cmat" value="Balsam Wood Tendered"></property>
	</bean>

	<bean id="sofaa" class="com.paypal.training.spr.cls.Sofa">
		<property name="stype" value="Cushioned Sofa"></property>
		<property name="scolor" value="Steel Blue"></property>
	</bean>

	<bean id="furnHall" class="com.paypal.training.spr.cls.Furniture">
		<constructor-arg name="ch" ref="chaira"></constructor-arg>
		<constructor-arg name="so" ref="sofaa"></constructor-arg>
	</bean>





</beans>
